{
  "menus": [
    {
      "id": "00",
      "name": "按钮类",
      "url": "button",
      "type": "1",
      "code": "button",
      "visible": "1",
      "orderNo": null
    },{
      "id": "0001",
      "pid":"00",
      "name": "按钮看板",
      "url": "button/button",
      "type": "1",
      "code": "button",
      "visible": "1",
      "orderNo": null
    },{
      "id": "0002",
      "pid":"00",
      "name": "下拉框容器按钮",
      "url": "button/dropDownContainer",
      "type": "1",
      "code": "dropDownContainer",
      "visible": "1",
      "orderNo": null
    },{
      "id": "0003",
      "pid":"00",
      "name": "按钮组",
      "url": "button/toolStrip",
      "type": "1",
      "code": "toolStrip",
      "visible": "1",
      "orderNo": null
    },{
      "id": "0004",
      "pid":"00",
      "name": "按钮组交互",
      "url": "button/groupButton",
      "type": "1",
      "code": "groupButton",
      "visible": "1",
      "orderNo": null
    },{
      "id": "0005",
      "pid":"00",
      "name": "加载进度按钮",
      "url": "button/laddaButton",
      "type": "1",
      "code": "laddaButton",
      "visible": "1",
      "orderNo": null
    },{
      "id": "0006",
      "pid":"00",
      "name": "下载按钮",
      "url": "button/fileDownload",
      "type": "1",
      "code": "fileDownload",
      "visible": "1",
      "orderNo": null
    },{
      "id": "0007",
      "pid":"00",
      "name": "含下拉框按钮",
      "url": "button/menu",
      "type": "1",
      "code": "menu",
      "visible": "1",
      "orderNo": null
    },{
      "id": "01",
      "name": "其他",
      "url": "other",
      "type": "1",
      "code": "icon",
      "visible": "1",
      "orderNo": null
    },{
      "id": "011",
      "name": "图标",
      "url": "other/icon",
      "pid": "01",
      "type": "1",
      "code": "icon",
      "visible": "1",
      "orderNo": null
    },{
      "id": "0101",
      "name": "弹窗",
      "url": "other/window",
      "type": "1",
      "pid": "01",
      "code": "window",
      "visible": "1",
      "orderNo": null
    },{
      "id": "0102",
      "name": "提示工具",
      "url": "other/tooltipLabel",
      "type": "1",
      "pid": "01",
      "code": "tooltipLabel",
      "visible": "1",
      "orderNo": null
    },{
      "id": "0102",
      "name": "加载页面",
      "url": "other/loading",
      "type": "1",
      "pid": "01",
      "code": "loading",
      "visible": "1",
      "orderNo": null
    },{
      "id": "0103",
      "name": "设计器",
      "url": "designer/designerLayout",
      "type": "1",
      "pid": "01",
      "code": "designerLayout",
      "visible": "1",
      "orderNo": null
    },{
      "id": "0104",
      "name": "包装器",
      "url": "wrap/editWrap",
      "type": "1",
      "pid": "01",
      "code": "editWrap",
      "visible": "1",
      "orderNo": null
    },{
      "id": "0105",
      "name": "面板包装器",
      "url": "wrap/panelWrap",
      "type": "1",
      "pid": "01",
      "code": "panelWrap",
      "visible": "1",
      "orderNo": null
    },{
      "id": "0106",
      "name": "编码设计器",
      "url": "designer/CodeDesigner?jsPath=demo/view/button/toolStrip",
      "type": "1",
      "pid": "01",
      "code": "CodeDesigner",
      "visible": "1",
      "orderNo": null
    },{
      "id": "0107",
      "name": "标签",
      "url": "other/label",
      "type": "1",
      "pid": "01",
      "code": "label",
      "visible": "1",
      "orderNo": null
    },{
      "id": "0108",
      "name": "echarts",
      "url": "chart/echart",
      "type": "1",
      "pid": "01",
      "code": "echarts",
      "visible": "1",
      "orderNo": null
    },{
      "id": "0109",
      "name": "css的动画效果",
      "url": "other/animationCss",
      "type": "1",
      "pid": "01",
      "code": "animationCss",
      "visible": "1",
      "orderNo": null
    },{
      "id": "0110",
      "name": "主题",
      "url": "other/theme",
      "type": "1",
      "pid": "01",
      "code": "theme",
      "visible": "1",
      "orderNo": null
    },{
      "id": "02",
      "name": "树",
      "url": null,
      "type": "1",
      "code": null,
      "visible": "1",
      "orderNo": null
    },{
      "id": "0201",
      "name": "简单的树",
      "pid": "02",
      "url": "tree/simpleTree",
      "type": "1",
      "code": "simpleTree",
      "visible": "1",
      "orderNo": null
    },{
      "id": "0202",
      "name": "树的操作",
      "pid": "02",
      "url": "tree/tree",
      "type": "1",
      "code": "tree",
      "visible": "1",
      "orderNo": null
    },{
      "id": "0203",
      "name": "过滤树",
      "pid": "02",
      "url": "tree/filterTree",
      "type": "1",
      "code": "tree",
      "visible": "1",
      "orderNo": null
    },{
      "id": "0204",
      "name": "编辑树",
      "pid": "02",
      "url": "tree/editTree",
      "type": "1",
      "code": "tree",
      "visible": "1",
      "orderNo": null
    },{
      "id": "9",
      "name": "表单",
      "url": "form",
      "type": "1",
      "code": "form",
      "visible": "1",
      "orderNo": null
    },{
      "id": "901",
      "name": "skyForm",
      "pid": "9",
      "url": "form/skyFormEditor",
      "type": "1",
      "code": "skyFormEditor",
      "visible": "1",
      "orderNo": null
    },{
      "id": "902",
      "name": "表单",
      "pid": "9",
      "url": "form/form",
      "type": "1",
      "code": "skyFormEditor",
      "visible": "1",
      "orderNo": null
    },{
      "id": "903",
      "name": "校验表单",
      "pid": "9",
      "url": "form/validateForm",
      "type": "1",
      "code": "validateForm",
      "visible": "1",
      "orderNo": null
    },{
      "id": "10",
      "name": "面板",
      "url": "",
      "tip": null,
      "leafed": null,
      "remark": null,
      "chain": null,
      "icon": null,
      "type": "1",
      "code": "",
      "visible": "1",
      "orderNo": null
    },{
      "id": "1001",
      "name": "有标题的面板",
      "url": "panel/panel",
      "pid": "10",
      "tip": null,
      "leafed": null,
      "remark": null,
      "chain": null,
      "icon": null,
      "type": "1",
      "code": "panel",
      "visible": "1",
      "orderNo": null
    },{
      "id": "1002",
      "name": "字段集",
      "url": "panel/fieldset",
      "pid": "10",
      "tip": null,
      "leafed": null,
      "remark": null,
      "chain": null,
      "icon": null,
      "type": "1",
      "code": "fieldset",
      "visible": "1",
      "orderNo": null
    },{
      "id": "1003",
      "name": "含组件的字段集",
      "url": "panel/comFieldset",
      "pid": "10",
      "tip": null,
      "leafed": null,
      "remark": null,
      "chain": null,
      "icon": null,
      "type": "1",
      "code": "comFieldset",
      "visible": "1",
      "orderNo": null
    },{
      "id": "1003",
      "name": "多个字段集",
      "url": "panel/mulitFieldset",
      "pid": "10",
      "tip": null,
      "leafed": null,
      "remark": null,
      "chain": null,
      "icon": null,
      "type": "1",
      "code": "comFieldset",
      "visible": "1",
      "orderNo": null
    },{
      "id": "11",
      "name": "布局",
      "url": "fluidLayout",
      "pid": "",
      "tip": null,
      "leafed": null,
      "remark": null,
      "chain": null,
      "icon": null,
      "type": "1",
      "code": "fluidLayout",
      "visible": "1",
      "orderNo": null
    },{
      "id": "1101",
      "name": "瀑布流布局",
      "url": "layout/fluidLayout",
      "pid": "11",
      "tip": null,
      "leafed": null,
      "remark": null,
      "chain": null,
      "icon": null,
      "type": "1",
      "code": "fluidLayout",
      "visible": "1",
      "orderNo": null
    },{
      "id": "13",
      "name": "表格",
      "url": null,
      "pid": null,
      "tip": null,
      "leafed": null,
      "remark": null,
      "chain": null,
      "icon": null,
      "type": "1",
      "code": null,
      "visible": "1",
      "orderNo": null
    },{
      "id": "1301",
      "name": "bootstrap表格",
      "url": "grid/grid",
      "pid": "13",
      "tip": null,
      "leafed": null,
      "remark": null,
      "chain": null,
      "icon": null,
      "type": "1",
      "code": "grid",
      "visible": "1",
      "orderNo": null
    },{
      "id": "1302",
      "name": "bootstrap查询表格",
      "url": "grid/searchGrid",
      "pid": "13",
      "tip": null,
      "leafed": null,
      "remark": null,
      "chain": null,
      "icon": null,
      "type": "1",
      "code": "searchGrid",
      "visible": "1",
      "orderNo": null
    },{
      "id": "1303",
      "name": "滚动条列表",
      "url": "list/list",
      "pid": "13",
      "tip": null,
      "leafed": null,
      "remark": null,
      "chain": null,
      "icon": null,
      "type": "1",
      "code": "list",
      "visible": "1",
      "orderNo": null
    },{
      "id": "1304",
      "name": "快捷图片",
      "url": "list/shortcutList",
      "pid": "13",
      "tip": null,
      "leafed": null,
      "remark": null,
      "chain": null,
      "icon": null,
      "type": "1",
      "code": "shortcutList",
      "visible": "1",
      "orderNo": null
    },{
      "id": "1305",
      "name": "分页控件",
      "url": "grid/pagination",
      "pid": "13",
      "tip": null,
      "leafed": null,
      "remark": null,
      "chain": null,
      "icon": null,
      "type": "1",
      "code": "pagination",
      "visible": "1",
      "orderNo": null
    },{
      "id": "1306",
      "name": "jqGrid列表",
      "url": "grid/jqGrid",
      "pid": "13",
      "tip": null,
      "leafed": null,
      "remark": null,
      "chain": null,
      "icon": null,
      "type": "1",
      "code": "jqGrid",
      "visible": "1",
      "orderNo": null
    },{
      "id": "1307",
      "name": "jqGrid列表-表单",
      "url": "grid/jqGridForm",
      "pid": "13",
      "tip": null,
      "leafed": null,
      "remark": null,
      "chain": null,
      "icon": null,
      "type": "1",
      "code": "jqGridForm",
      "visible": "1",
      "orderNo": null
    },{
      "id": "16",
      "name": "编辑器",
      "url": "analysis",
      "pid": null,
      "tip": null,
      "leafed": null,
      "remark": null,
      "chain": null,
      "icon": null,
      "type": "1",
      "code": "",
      "visible": "1",
      "orderNo": null
    },{
      "id": "1600",
      "name": "文本编辑器",
      "url": "editor/textEditor",
      "pid": "16",
      "tip": null,
      "leafed": null,
      "remark": null,
      "chain": null,
      "icon": null,
      "type": "1",
      "code": "textEditor",
      "visible": "1",
      "orderNo": null
    },{
      "id": "1601",
      "name": "时间编辑器",
      "url": "editor/datetimeEditor",
      "pid": "16",
      "tip": null,
      "leafed": null,
      "remark": null,
      "chain": null,
      "icon": null,
      "type": "1",
      "code": "datetimeEditor",
      "visible": "1",
      "orderNo": null
    },{
      "id": "1602",
      "name": "日期编辑器",
      "url": "editor/dateEditor",
      "pid": "16",
      "tip": null,
      "leafed": null,
      "remark": null,
      "chain": null,
      "icon": null,
      "type": "1",
      "code": "dateEditor",
      "visible": "1",
      "orderNo": null
    },{
      "id": "1603",
      "name": "数字编辑器",
      "url": "editor/touchSpinEditor",
      "pid": "16",
      "tip": null,
      "leafed": null,
      "remark": null,
      "chain": null,
      "icon": null,
      "type": "1",
      "code": "touchSpinEditor",
      "visible": "1",
      "orderNo": null
    },{
      "id": "1604",
      "name": "checkbox编辑器",
      "url": "editor/checkboxEditor",
      "pid": "16",
      "tip": null,
      "leafed": null,
      "remark": null,
      "chain": null,
      "icon": null,
      "type": "1",
      "code": "checkboxEditor",
      "visible": "1",
      "orderNo": null
    },{
      "id": "1605",
      "name": "tagsEditor编辑器",
      "url": "editor/tagsEditor",
      "pid": "16",
      "tip": null,
      "leafed": null,
      "remark": null,
      "chain": null,
      "icon": null,
      "type": "1",
      "code": "tagsEditor",
      "visible": "1",
      "orderNo": null
    },{
      "id": "1606",
      "name": "自完成编辑器",
      "url": "editor/autoCompleteEditor",
      "pid": "16",
      "tip": null,
      "leafed": null,
      "remark": null,
      "chain": null,
      "icon": null,
      "type": "1",
      "code": "autoCompleteEditor",
      "visible": "1",
      "orderNo": null
    },{
      "id": "1607",
      "name": "代码编辑器",
      "url": "editor/codeEditor",
      "pid": "16",
      "tip": null,
      "leafed": null,
      "remark": null,
      "chain": null,
      "icon": null,
      "type": "1",
      "code": "codeEditor",
      "visible": "1",
      "orderNo": null
    },{
      "id": "1609",
      "name": "多行本编辑器",
      "url": "editor/multilineEditor",
      "pid": "16",
      "tip": null,
      "leafed": null,
      "remark": null,
      "chain": null,
      "icon": null,
      "type": "1",
      "code": "multilineEditor",
      "visible": "1",
      "orderNo": null
    },{
      "id": "1608",
      "name": "密码编辑器",
      "url": "editor/passwordEditor",
      "pid": "16",
      "tip": null,
      "leafed": null,
      "remark": null,
      "chain": null,
      "icon": null,
      "type": "1",
      "code": "passwordEditor",
      "visible": "1",
      "orderNo": null
    },{
      "id": "1610",
      "name": "文件上传编辑器",
      "url": "editor/fileUploadEditor",
      "pid": "16",
      "tip": null,
      "leafed": null,
      "remark": null,
      "chain": null,
      "icon": null,
      "type": "1",
      "code": "fileUploadEditor",
      "visible": "1",
      "orderNo": null
    },{
      "id": "1611",
      "name": "富文本编辑器",
      "url": "editor/htmlEditor",
      "pid": "16",
      "tip": null,
      "leafed": null,
      "remark": null,
      "chain": null,
      "icon": null,
      "type": "1",
      "code": "htmlEditor",
      "visible": "1",
      "orderNo": null
    },{
      "id": "1612",
      "name": "查询编辑器",
      "url": "editor/searchEditor",
      "pid": "16",
      "tip": null,
      "leafed": null,
      "remark": null,
      "chain": null,
      "icon": null,
      "type": "1",
      "code": "searchEditor",
      "visible": "1",
      "orderNo": null
    },{
      "id": "1613",
      "name": "选择编辑器",
      "url": "editor/selectEditor",
      "pid": "16",
      "tip": null,
      "leafed": null,
      "remark": null,
      "chain": null,
      "icon": null,
      "type": "1",
      "code": "selectEditor",
      "visible": "1",
      "orderNo": null
    },{
      "id": "17",
      "name": "tab布局",
      "url": null,
      "pid": "11",
      "tip": null,
      "leafed": null,
      "remark": null,
      "chain": null,
      "icon": null,
      "type": "1",
      "code": "",
      "visible": "1",
      "orderNo": null
    },{
      "id": "1701",
      "name": "tabLayout",
      "url": "layout/tab/tabLayout",
      "pid": "17",
      "tip": null,
      "leafed": null,
      "remark": null,
      "chain": null,
      "icon": null,
      "type": "1",
      "code": "tabLayout",
      "visible": "1",
      "orderNo": null
    },{
      "id": "1702",
      "name": "tab主题",
      "url": "layout/tab/tabLayoutTheme",
      "pid": "17",
      "tip": null,
      "leafed": null,
      "remark": null,
      "chain": null,
      "icon": null,
      "type": "1",
      "code": "tabLayoutTheme",
      "visible": "1",
      "orderNo": null
    },{
      "id": "1703",
      "name": "胶囊tab",
      "url": "layout/tab/tabLayoutModel",
      "pid": "17",
      "tip": null,
      "leafed": null,
      "remark": null,
      "chain": null,
      "icon": null,
      "type": "1",
      "code": "tabLayoutModel",
      "visible": "1",
      "orderNo": null
    },{
      "id": "1704",
      "name": "多层级标签",
      "url": "layout/tab/multiTabLayout",
      "pid": "17",
      "tip": null,
      "leafed": null,
      "remark": null,
      "chain": null,
      "icon": null,
      "type": "1",
      "code": "multiTabLayout",
      "visible": "1",
      "orderNo": null
    },{
      "id": "1705",
      "name": "导航标签",
      "url": "layout/tab/navtabLayout",
      "pid": "17",
      "tip": null,
      "leafed": null,
      "remark": null,
      "chain": null,
      "icon": null,
      "type": "1",
      "code": "navtabLayout",
      "visible": "1",
      "orderNo": null
    },{
      "id": "1101",
      "name": "borderLayoutContainer",
      "url": null,
      "pid": "11",
      "tip": null,
      "leafed": null,
      "remark": null,
      "chain": null,
      "icon": null,
      "type": "1",
      "code": null,
      "visible": "1",
      "orderNo": null
    },{
      "id": "110101",
      "name": "borderLayoutContainer",
      "url": "layout/borderLayout/borderLayoutContainer",
      "pid": "1101",
      "tip": null,
      "leafed": null,
      "remark": null,
      "chain": null,
      "icon": null,
      "type": "1",
      "code": "borderLayoutContainer",
      "visible": "1",
      "orderNo": null
    },{
      "id": "110101",
      "name": "树与表单",
      "url": "layout/borderLayout/treeAndForm",
      "pid": "1101",
      "tip": null,
      "leafed": null,
      "remark": null,
      "chain": null,
      "icon": null,
      "type": "1",
      "code": "treeAndForm",
      "visible": "1",
      "orderNo": null
    },{
      "id": "1102",
      "name": "vboxLayout",
      "url": "layout/VBoxLayout/vboxLayout",
      "pid": "11",
      "tip": null,
      "leafed": null,
      "remark": null,
      "chain": null,
      "icon": null,
      "type": "1",
      "code": "vboxLayout",
      "visible": "1",
      "orderNo": null
    },{
      "id": "1103",
      "name": "手风琴布局",
      "url": "layout/accordion/accordionDemo",
      "pid": "11",
      "tip": null,
      "leafed": null,
      "remark": null,
      "chain": null,
      "icon": null,
      "type": "1",
      "code": "accordionDemo",
      "visible": "1",
      "orderNo": null
    },{
      "id": "1104",
      "name": "下拉框容器",
      "url": "layout/dropDownContainer/button",
      "pid": "11",
      "tip": null,
      "leafed": null,
      "remark": null,
      "chain": null,
      "icon": null,
      "type": "1",
      "code": "dropDownContainerButton",
      "visible": "1",
      "orderNo": null
    },{
      "id": "1105",
      "name": "简单布局",
      "url": "layout/simpleLayout/simpleLayout",
      "pid": "11",
      "tip": null,
      "leafed": null,
      "remark": null,
      "chain": null,
      "icon": null,
      "type": "1",
      "code": "simpleLayout",
      "visible": "1",
      "orderNo": null
    },{
      "id": "1106",
      "name": "多版面布局",
      "url": "layout/parallaxLayout/parallaxLayout",
      "pid": "11",
      "tip": null,
      "leafed": null,
      "remark": null,
      "chain": null,
      "icon": null,
      "type": "1",
      "code": "parallaxLayout",
      "visible": "1",
      "orderNo": null
    },{
      "id": "04",
      "name": "导航",
      "type": "1",
      "visible": "1",
      "orderNo": null
    },{
      "id": "0401",
      "name": "导航菜单",
      "url": "navigation/navigation",
      "pid": "04",
      "tip": null,
      "leafed": null,
      "remark": null,
      "chain": null,
      "icon": null,
      "type": "1",
      "code": "navigation",
      "visible": "1",
      "orderNo": null
    },{
      "id": "0402",
      "name": "导航条",
      "url": "navigation/navigationBar",
      "pid": "04",
      "tip": null,
      "leafed": null,
      "remark": null,
      "chain": null,
      "icon": null,
      "type": "1",
      "code": "navigationBar",
      "visible": "1",
      "orderNo": null
    },{
      "id": "05",
      "name": "多媒体",
      "type": "1",
      "visible": "1",
      "orderNo": null
    },{
      "id": "0501",
      "name": "播放器",
      "url": "media/player",
      "pid": "05",
      "tip": null,
      "leafed": null,
      "remark": null,
      "chain": null,
      "icon": null,
      "type": "1",
      "code": "player",
      "visible": "1",
      "orderNo": null
    },{
      "id": "0502",
      "name": "Portfolio",
      "url": "media/portfolio",
      "pid": "05",
      "tip": null,
      "leafed": null,
      "remark": null,
      "chain": null,
      "icon": null,
      "type": "1",
      "code": "portfolio",
      "visible": "1",
      "orderNo": null
    },{
      "id": "0503",
      "name": "thumbnail",
      "url": "media/thumbnail",
      "pid": "05",
      "tip": null,
      "leafed": null,
      "remark": null,
      "chain": null,
      "icon": null,
      "type": "1",
      "code": "thumbnail",
      "visible": "1",
      "orderNo": null
    }
  ] ,
  "authenticated":true
}